<?xml version='1.0' encoding='utf-8'?>
<addon id="repository.zeltorix.int" name="ZelToRiX INT Add-on repository" version="0.0.5" provider-name="ZelToRiX">
    <extension point="xbmc.addon.repository" name="ZelToRiX INT Add-on repository">
<!--        Репозитории интернациональные-->
        <dir minversion="19.0.0">
            <info compressed="false">https://raw.githubusercontent.com/Zeltorix/kodi/main/repository/release_int/addons.xml</info>
            <checksum>https://raw.githubusercontent.com/Zeltorix/kodi/main/repository/release_int/addons.xml.md5</checksum>
            <datadir zip="true">https://github.com/Zeltorix/kodi/raw/main/repository/release_int/</datadir>
        </dir>
<!--        Репозитории пакетов-->
        <dir minversion="19.0.0">
            <info compressed="false">https://raw.githubusercontent.com/Zeltorix/kodi/main/repository/packages/addons.xml</info>
            <checksum>https://raw.githubusercontent.com/Zeltorix/kodi/main/repository/packages/addons.xml.md5</checksum>
            <datadir zip="true">https://github.com/Zeltorix/kodi/raw/main/repository/packages/</datadir>
        </dir>
<!--        Репозитории утилит-->
        <dir minversion="19.0.0">
            <info compressed="false">https://raw.githubusercontent.com/Zeltorix/kodi/main/repository/utility/addons.xml</info>
            <checksum>https://raw.githubusercontent.com/Zeltorix/kodi/main/repository/utility/addons.xml.md5</checksum>
            <datadir zip="true">https://github.com/Zeltorix/kodi/raw/main/repository/utility/</datadir>
        </dir>
<!--        Репозитории для интернациональных адонов третьих лиц-->
        <dir minversion="19.0.0">
            <info compressed="false">https://raw.githubusercontent.com/Zeltorix/kodi/main/repository/third_party_int/addons.xml</info>
            <checksum>https://raw.githubusercontent.com/Zeltorix/kodi/main/repository/third_party_int/addons.xml.md5</checksum>
            <datadir zip="true">https://github.com/Zeltorix/kodi/raw/main/repository/third_party_int/</datadir>
        </dir>
    </extension>
    <extension point="xbmc.addon.metadata">
        <summary lang="en">Install Add-ons from ZelToRiX repository</summary>
        <summary lang="ru">Установить дополнения от ZelToRiX</summary>
        <description lang="en">Download and install add-ons from the ZelToRiX INT add-on repository</description>
        <description lang="ru">Репозитории дополнений для разных проектов.</description>
        <source>https://github.com/Zeltorix/kodi/raw/main/source/release_int/repository_int</source>
        <platform>all</platform>
        <news>
            v0.0.0 (2024-10-08)
            [new] create repo
            [fix] ...
        </news>
        <platform>all</platform>
        <assets>
            <icon>icon.jpg</icon>
        </assets>
    </extension>
</addon>