<?xml version='1.0' encoding='utf-8'?>
<addon id="script.zeltorix.sf_add_f" name="Импорт избранного KODI в Супер Избранное" version="0.0.9" provider-name="Zeltorix">
    <requires>
        <import addon="xbmc.python" version="3.0.0" />
        <import addon="xbmc.gui" version="5.15.0" />
        <import addon="xbmc.addon" version="19.1.0" />
        <import addon="script.module.zeltorix.utilitys" version="0.0.113" />
    </requires>

  <extension point="xbmc.python.pluginsource" library="addon.py">
        <provides>video audio image executable</provides>
  </extension>

    <extension point="xbmc.addon.metadata">
        <summary lang="en_GB"> </summary>
        <summary lang="ru_RU"> </summary>
        <description lang="en_GB"> </description>
        <description lang="ru_RU"> </description>
        <disclaimer lang="en_GB"> </disclaimer>
        <disclaimer lang="ru_RU"> </disclaimer>
        <news>
        </news>
        <platform>all</platform>
        <language>ru</language>
        <license>GPL-3-or-later</license>
        <assets>
            <icon>icon.jpg</icon>
            <fanart>fanart.jpg</fanart>
        </assets>
        <reuselanguageinvoker>true</reuselanguageinvoker>
        <debugging>true</debugging>
    </extension>
</addon>