<?xml version='1.0' encoding='utf-8'?>
<addon id="plugin.video.zeltorix.dreamcast" name="Dream Cast (тест" version="0.0.2" provider-name="Zeltorix">
    <requires>
        <import addon="script.module.zeltorix.utility" version="0.0.277" />
    </requires>
    <extension point="xbmc.python.pluginsource" library="addon.py">
        <provides>video</provides>
    </extension>
    <extension point="xbmc.addon.video" library="addon.py">
        <provides>video</provides>
    </extension>
    <extension point="xbmc.addon.metadata">
        <summary lang="en_GB">For site Dream Cast</summary>
        <summary lang="ru_RU">Для сайта Dream Cast</summary>
        <description lang="en_GB">To watch video on the Dream Cast</description>
        <description lang="ru_RU">Для просмотра видео доступных на сайте Dream Cast</description>
        <disclaimer lang="en_GB">For Kodi «Matrix» 19</disclaimer>
        <disclaimer lang="ru_RU">Для Kodi «Matrix» 19 и выше</disclaimer>
        <news>
            v0.0.0 (2025-04-14)
            ...
            ...
            v0.0.0 (2025-04-14)
                [new] Старт проекта
        </news>
        <platform>all</platform>
        <language>ru en
        </language> 
        <license>GPL-3-or-later</license>
        <forum>https://kodi.moy.su/forum/2-66-1</forum>
        <source>https://github.com/Zeltorix/kodi/raw/main/source/release/dreamcast</source>
        <assets>
            <icon>icon.jpg</icon>
            <fanart>fanart.jpg</fanart>
        </assets>
        <reuselanguageinvoker>true</reuselanguageinvoker>
        <debugging>true</debugging>
    </extension>
</addon>