<?xml version='1.0' encoding='utf-8'?>
<addon id="plugin.video.zeltorix.anilibria" version="0.1.22" name="AniLibria" provider-name="Zeltorix">
    <requires>
        <import addon="script.module.requests" version="2.25.1" />
        <import addon="script.module.zeltorix.utility" version="0.0.1" />
    </requires>
    <extension point="xbmc.python.pluginsource" library="addon.py">
        <provides>video</provides>
    </extension>
    <extension point="xbmc.addon.metadata">
        <summary lang="en_GB">For site AniLibria</summary>
        <summary lang="ru_RU">Для сайта AniLibria</summary>
        <description lang="en_GB">To watch anime on the AniLibria project</description>
        <description lang="ru_RU">Для просмотра аниме на проекте AniLibria</description>
        <disclaimer lang="en_GB">For Kodi «Matrix» 19</disclaimer>
        <disclaimer lang="ru_RU">Для Kodi «Matrix» 19</disclaimer>
        <news>
            v0.0.118 (2023-04-28)
                [fix] Очередные правки
            ...
            v0.0.1 (2023-01-14)
                [new] Старт проекта
        </news>
        <platform>all</platform>
        <language>ru en
        </language> 
        <license>GPL-3-or-later</license>
        <forum>https://kodi.moy.su/forum/2-13-1</forum>
        <source>https://github.com/Zeltorix/kodi/source/release/anilibria</source>
        <assets>
            <icon>icon.jpg</icon>
            <fanart>fanart.jpg</fanart>
        </assets>
        <reuselanguageinvoker>true</reuselanguageinvoker>
        <debugging>true</debugging>
    </extension>
</addon>