<?xml version='1.0' encoding='utf-8'?>
<addon id="plugin.video.zeltorix.vk.video" name="VK Видео (тест)" version="0.0.89" provider-name="Zeltorix">
    <requires>
        <import addon="script.module.zeltorix.utility" version="0.0.258" />
    </requires>
    <extension point="xbmc.python.pluginsource" library="addon.py">
        <provides>video</provides>
    </extension>
    <extension point="xbmc.addon.video" library="addon.py">
        <provides>video</provides>
    </extension>
    <extension point="xbmc.addon.metadata">
        <summary lang="en_GB">For site VK</summary>
        <summary lang="ru_RU">Для сайта VK</summary>
        <description lang="en_GB">To watch video on the VK</description>
        <description lang="ru_RU">Для просмотра видео доступных на сайте VK</description>
        <disclaimer lang="en_GB">For Kodi «Matrix» 19</disclaimer>
        <disclaimer lang="ru_RU">Для Kodi «Matrix» 19 и выше</disclaimer>
        <news>
            v0.0.1 (2023-05-12)
                [new]
                [fix]
            ...
            v0.0.1 (2023-05-12)
                [new] Старт проекта
                [fix]
        </news>
        <platform>all</platform>
        <language>ru en
        </language> 
        <license>GPL-3-or-later</license>
        <forum>https://kodi.moy.su/forum/2-21-1</forum>
        <source>https://github.com/Zeltorix/kodi/raw/main/source/release/vk_video</source>
        <assets>
            <icon>icon.jpg</icon>
            <fanart>fanart.jpg</fanart>
        </assets>
        <reuselanguageinvoker>true</reuselanguageinvoker>
        <debugging>true</debugging>
    </extension>
</addon>