<?xml version='1.0' encoding='utf-8'?>
<addon id="plugin.video.zeltorix.rutube" name="RUTUBE (тест)" version="0.0.59" provider-name="Zeltorix">
    <requires>
        <import addon="script.module.requests" version="2.25.1" />
        <import addon="script.module.zeltorix.utility" version="0.0.1" />
    </requires>
    <extension point="xbmc.python.pluginsource" library="addon.py">
        <provides>video</provides>
    </extension>
    <extension point="xbmc.addon.video" library="addon.py">
        <provides>video</provides>
    </extension>
    <extension point="xbmc.addon.metadata">
        <summary lang="en_GB">For site RUTUBE</summary>
        <summary lang="ru_RU">Для сайта RUTUBE</summary>
        <description lang="en_GB">To watch video on the RUTUBE</description>
        <description lang="ru_RU">Для просмотра видео доступных на сайте RUTUBE</description>
        <disclaimer lang="en_GB">For Kodi «Matrix» 19</disclaimer>
        <disclaimer lang="ru_RU">Для Kodi «Matrix» 19 и выше</disclaimer>
        <news>
            v0.0.1 (2023-05-01)
                [new]
                [fix]
            ...
            v0.0.1 (2023-05-01)
                [new] Старт проекта
                [fix]
        </news>
        <platform>all</platform>
        <language>ru en
        </language> 
        <license>GPL-3-or-later</license>
        <forum>https://kodi.moy.su/forum/2-6-1</forum>
        <source>https://github.com/Zeltorix/kodi/raw/main/source/release/rutube</source>
        <assets>
            <icon>icon.jpg</icon>
            <fanart>fanart.jpg</fanart>
        </assets>
        <reuselanguageinvoker>true</reuselanguageinvoker>
        <debugging>true</debugging>
    </extension>
</addon>