<?xml version='1.0' encoding='utf-8'?>
<addon id="repository.zeltorix.develop" name="ZelToRiX Add-on DEV repository" version="1.0.2" provider-name="ZelToRiX">
    <extension point="xbmc.addon.repository" name="ZelToRiX Add-on DEV repository">
<!--        Репозитории DEV-->
        <dir minversion="19.0.0">
            <info compressed="false">https://raw.githubusercontent.com/Zeltorix/kodi/main/repository/develop/addons.xml</info>
            <checksum>https://raw.githubusercontent.com/Zeltorix/kodi/main/repository/develop/addons.xml.md5</checksum>
            <datadir zip="true">https://github.com/Zeltorix/kodi/raw/main/repository/develop/</datadir>
        </dir>
<!--        Репозитория пакетов-->
        <dir minversion="19.0.0">
            <info compressed="false">https://raw.githubusercontent.com/Zeltorix/kodi/main/repository/packages/addons.xml</info>
            <checksum>https://raw.githubusercontent.com/Zeltorix/kodi/main/repository/packages/addons.xml.md5</checksum>
            <datadir zip="true">https://github.com/Zeltorix/kodi/raw/main/repository/packages/</datadir>
        </dir>
<!--        Репозитория утилит-->
        <dir minversion="19.0.0">
            <info compressed="false">https://raw.githubusercontent.com/Zeltorix/kodi/main/repository/utility/addons.xml</info>
            <checksum>https://raw.githubusercontent.com/Zeltorix/kodi/main/repository/utility/addons.xml.md5</checksum>
            <datadir zip="true">https://github.com/Zeltorix/kodi/raw/main/repository/utility/</datadir>
        </dir>
<!--        Репозитории адонов третьих лиц-->
        <dir minversion="19.0.0">
            <info compressed="false">https://raw.githubusercontent.com/Zeltorix/kodi/main/repository/third_party/addons.xml</info>
            <checksum>https://raw.githubusercontent.com/Zeltorix/kodi/main/repository/third_party/addons.xml.md5</checksum>
            <datadir zip="true">https://github.com/Zeltorix/kodi/raw/main/repository/third_party/</datadir>
        </dir>
<!--        Репозитории интернациональных адонов третьих лиц-->
        <dir minversion="19.0.0">
            <info compressed="false">https://raw.githubusercontent.com/Zeltorix/kodi/main/repository/third_party_int/addons.xml</info>
            <checksum>https://raw.githubusercontent.com/Zeltorix/kodi/main/repository/third_party_int/addons.xml.md5</checksum>
            <datadir zip="true">https://github.com/Zeltorix/kodi/raw/main/repository/third_party_int/</datadir>
        </dir>
    </extension>
    <extension point="xbmc.addon.metadata">
        <summary lang="en">Install Add-ons from ZelToRiX repository</summary>
        <summary lang="ru">Установить дополнения от ZelToRiX</summary>
        <description lang="en">Download and install add-ons from the ZelToRiX add-on repository</description>
        <description lang="ru">Репозитории дополнений для разных проектов.</description>
        <source>https://github.com/Zeltorix/kodi/raw/main/source/develop/repository</source>
        <platform>all</platform>
        <news>
            v1.0.0 (2024-11-02)
            [new] Новая структура для репозиториев
            ...
            v0.1.0 (2024-10-08)
            [new] Перераспределение адонов
            ...
            v0.0.0 (2023-01-27)
            [new] Создание репозитории для Kodi 19
            [fix]
        </news>
        <platform>all</platform>
        <assets>
            <icon>icon.jpg</icon>
        </assets>
    </extension>
</addon>